arquivo,categoria_prevista,pymupdf_acentuacao,pymupdf_ordem,pymupdf_tabelas,pymupdf_recall,docling_acentuacao,docling_ordem,docling_tabelas,docling_recall,vencedor,observacoes
11IN_19_28052009_MECANISMOS.pdf,,,,,,,,,,,
cartilha_manejo_integrado_de_pragas_e_doencas_de_hortalicas_v2.pdf,,,,,,,,,,,
Decreto_6323_27122007_ALTERADOPELO_Dec_7794_2012.pdf,,,,,,,,,,,
DOC-175_Embrapa_Guia_Pragas_Tomate.pdf,,,,,,,,,,,
DOC-192-Final_Embrapa_Manejo_Pragas_Tomate.pdf,,,,,,,,,,,
DOENCAS DO TOMATEIRO.pdf,,,,,,,,,,,
Guia_de_identificação_das_doenças_do_tomateiro.pdf,,,,,,,,,,,
INC_17_28052009_EXTRATIVISMOSUSTENTVEL.pdf,,,,,,,,,,,
INC_18_28052009_ALTERADA_INI24_01062011PROCESSAMENTO.pdf,,,,,,,,,,,
INI_28_08062011_AQUICULTURA.pdf,,,,,,,,,,,
IN_13_28052015_CPOrg_e_STPOrg.pdf,,,,,,,,,,,
IN_18_de_20062014_SELO_BRASILEIRO.pdf,,,,,,,,,,,
IN_23_01062011_TEXTEIS.pdf,,,,,,,,,,,
IN_SFA_MG_03_2024.pdf.pdf,,,,,,,,,,,
L10831.pdf,,,,,,,,,,,
PORTARIAMAPAN52.2021.pdf,,,,,,,,,,,
PR.0298-Identif-Controle-de-Doencas-em-Olericolas.pdf,,,,,,,,,,,
